user_id,place_id,rating
28,1006,3.5
246,106,4.0
245,1406,3.5
156,509,4.0
214,780,3.0
220,1131,3.5
2,930,3.5
102,147,3.5
158,900,4.0
140,188,3.5
295,1181,4.0
227,683,3.5
54,1015,5.0
282,932,2.5
130,1112,5.0
256,993,3.5
123,325,4.5
116,598,4.0
140,297,5.0
70,850,4.5
260,915,4.0
279,842,3.5
243,781,3.5
78,76,2.0
170,902,4.0
74,840,3.0
250,909,4.0
167,601,5.0
221,501,3.0
88,494,4.0
299,476,4.0
5,324,3.5
177,990,2.5
152,605,4.5
203,17,3.5
26,1242,2.0
21,903,4.0
152,851,3.5
68,1105,3.0
204,750,5.0
203,542,3.0
135,761,4.0
120,239,3.5
253,1101,4.5
233,1489,4.0
251,573,3.5
190,753,4.5
204,932,4.0
109,44,3.0
290,1136,5.0
111,1221,4.5
67,53,3.5
184,1078,3.5
186,1216,3.5
258,1260,3.0
267,64,3.0
246,909,3.5
34,1199,5.0
167,1224,3.5
51,441,4.5
117,817,4.5
131,972,4.5
44,885,3.0
285,1477,2.0
148,640,3.5
247,222,4.0
285,1421,3.5
159,719,3.5
74,63,2.5
233,323,5.0
167,1222,4.5
26,1050,3.0
221,1215,4.0
203,113,4.0
155,882,2.5
257,148,4.5
22,830,3.0
236,742,4.0
55,1074,3.5
114,345,3.5
59,1045,3.5
76,211,3.5
102,1234,3.5
253,920,4.5
290,901,2.5
141,152,4.5
232,588,3.5
260,788,2.0
44,1324,3.5
225,746,5.0
145,794,2.5
73,174,5.0
193,1079,4.0
10,1079,2.5
173,920,4.5
241,398,4.5
191,584,3.5
263,896,4.0
114,850,3.5
42,460,3.5
51,1332,4.0
242,961,4.0
3,39,5.0
271,937,2.0
256,1098,2.5
74,880,3.5
181,493,3.5
9,274,5.0
280,938,3.5
22,680,4.5
189,162,4.5
151,211,3.0
152,873,3.5
181,118,3.0
208,1392,5.0
225,259,3.0
188,742,3.5
266,1151,4.0
134,1254,4.5
63,152,4.0
228,1454,1.5
81,1307,3.0
186,460,3.5
253,1130,3.0
45,1077,3.5
65,1316,3.5
239,373,5.0
29,338,4.0
116,563,4.0
258,1190,4.0
173,59,4.0
136,929,3.0
31,324,3.5
73,857,4.5
82,957,4.0
202,100,3.0
254,821,2.5
148,244,2.5
50,823,4.5
171,1064,4.0
264,287,2.0
299,1289,2.5
243,1185,4.5
88,779,3.5
125,226,3.5
212,418,4.5
242,1490,5.0
167,1420,4.5
248,505,3.5
153,1478,4.5
63,162,3.5
246,104,5.0
272,1307,3.5
242,324,4.5
244,1333,4.0
31,184,3.0
149,1235,5.0
279,959,4.0
58,382,4.0
99,509,3.5
197,1481,4.5
121,1368,3.5
158,1414,3.5
114,274,4.0
233,766,4.5
276,230,2.5
281,307,4.5
106,1195,4.0
262,1155,2.0
12,1435,3.5
31,967,2.0
216,1105,3.5
179,243,2.5
58,1353,4.5
9,423,3.5
25,1517,2.5
225,116,3.5
295,1068,4.0
154,564,3.0
276,1325,4.0
231,391,2.5
21,150,3.5
246,419,4.5
145,780,3.5
114,299,3.5
214,605,2.5
181,121,4.0
25,845,3.0
119,1449,4.0
31,14,4.5
211,588,3.0
92,198,3.5
124,726,4.0
208,1158,4.5
116,166,5.0
48,777,3.5
244,1305,5.0
223,679,5.0
49,974,4.0
144,1155,4.0
92,1203,4.5
40,1515,2.0
41,709,2.0
175,669,3.5
140,885,4.0
152,1461,4.0
138,1299,3.0
47,553,3.5
45,883,4.0
14,725,4.5
167,26,4.0
287,1404,4.5
72,617,4.5
142,614,4.5
40,938,3.0
171,412,5.0
91,1155,3.5
282,496,3.5
79,737,5.0
44,728,2.5
23,882,5.0
266,802,4.5
257,989,3.0
60,291,5.0
176,424,4.0
232,138,4.0
59,678,4.5
208,378,3.0
222,880,4.5
33,668,3.0
59,538,2.0
161,375,4.0
73,796,4.5
96,1302,4.5
89,342,5.0
231,1269,3.5
113,599,2.5
218,179,4.5
61,877,4.5
106,1168,4.5
144,1173,5.0
49,272,2.0
165,1385,4.5
213,926,4.0
48,756,3.5
48,1014,4.5
146,1121,4.0
176,100,4.0
236,562,3.0
85,3,4.5
40,1216,3.5
176,979,3.0
197,613,3.0
69,1387,3.0
272,1480,3.5
227,508,3.0
44,1415,3.5
106,803,3.5
28,1014,4.5
37,649,5.0
292,749,5.0
38,1203,4.5
135,851,3.5
276,635,4.0
105,1099,3.0
34,489,2.5
45,1247,2.5
90,1437,3.5
255,762,3.0
61,558,3.5
135,1017,3.5
291,6,3.5
7,73,5.0
215,822,2.5
239,756,4.5
125,503,4.0
210,49,4.5
73,574,3.5
119,1036,3.0
291,805,4.5
168,928,5.0
300,319,4.0
231,644,2.5
107,632,4.0
62,729,4.5
90,512,3.5
53,249,5.0
67,154,2.0
34,1323,5.0
170,1176,5.0
203,61,3.5
96,574,4.5
77,1022,4.5
144,1077,4.0
279,796,5.0
16,327,4.0
124,1510,3.5
199,1212,3.5
181,1155,4.5
253,78,4.0
120,449,3.0
104,663,3.0
76,1357,4.5
70,1330,4.5
288,1163,3.0
114,1159,3.5
255,1420,3.0
1,848,4.5
194,925,3.5
164,215,3.0
88,330,4.0
48,338,4.0
223,110,3.5
284,487,3.5
202,315,4.5
246,199,3.0
88,1308,2.5
239,1156,3.5
50,1369,2.5
117,1071,3.5
275,162,4.0
293,920,3.0
86,395,1.5
223,1285,5.0
133,1490,5.0
204,860,4.5
77,969,4.5
206,42,5.0
156,467,3.5
165,1323,3.0
227,116,4.5
260,511,4.5
26,739,3.0
47,1326,3.0
106,1335,5.0
5,459,3.5
157,715,4.5
267,16,4.5
192,579,4.5
142,1478,3.5
255,606,3.0
286,602,4.5
66,456,4.0
170,964,3.0
299,1272,5.0
196,309,4.5
103,938,3.5
42,363,4.0
30,926,3.5
82,181,2.5
223,1497,4.5
272,211,4.0
157,1004,5.0
207,347,5.0
20,1356,4.0
60,1121,3.0
79,1424,5.0
52,1066,4.0
71,1266,3.5
102,6,3.0
46,1048,2.5
119,607,2.0
26,1513,4.0
5,702,2.5
206,935,3.0
216,342,4.0
31,327,1.5
226,644,3.5
269,1064,4.0
128,1256,3.0
81,339,2.5
143,482,3.0
228,918,2.5
255,37,3.0
212,1142,4.5
156,1042,2.0
50,455,3.5
150,218,3.5
85,805,4.5
174,849,4.0
64,1033,2.5
25,263,3.0
165,509,5.0
232,1437,3.5
161,596,5.0
92,722,4.0
299,1367,4.0
274,1071,2.0
196,1109,3.0
288,797,4.0
148,1361,4.0
161,111,5.0
129,416,3.0
89,1053,3.0
21,572,5.0
131,677,4.5
80,1223,5.0
155,1035,3.0
279,827,3.5
170,1267,4.5
288,19,4.0
125,233,4.5
277,580,3.0
264,913,4.0
152,395,4.5
276,1093,3.0
37,315,4.0
38,1143,2.5
117,835,3.5
9,1379,3.5
4,1200,5.0
258,1354,2.5
81,451,3.5
280,1299,4.0
192,290,3.5
276,1122,3.0
291,1125,3.5
35,514,2.5
157,346,3.0
224,737,5.0
170,626,5.0
42,403,4.0
40,305,4.5
149,186,5.0
258,1053,3.5
290,999,4.0
136,480,3.5
185,96,5.0
166,749,4.5
129,472,3.0
144,1476,4.0
83,842,2.5
23,301,3.0
208,444,4.5
242,1047,4.0
233,1210,3.0
194,271,3.5
259,1241,4.0
244,1229,3.0
61,1070,3.5
23,1086,5.0
196,872,3.0
245,172,5.0
97,242,4.0
193,1335,4.5
290,991,4.0
158,1351,4.5
83,440,5.0
174,1448,3.5
47,892,3.5
135,760,4.5
206,1344,4.0
30,22,2.5
147,1381,3.0
123,411,4.0
47,567,3.0
100,535,2.5
258,603,3.0
15,239,3.5
113,701,3.5
92,643,4.5
98,219,2.5
41,1359,5.0
22,263,3.0
217,1108,2.0
90,943,5.0
5,1381,3.5
133,1124,5.0
138,966,3.0
196,1513,2.5
5,864,5.0
265,997,4.0
288,98,4.0
131,1290,4.0
172,528,3.0
102,1103,3.5
146,728,2.5
37,163,2.5
12,211,3.5
28,814,4.0
43,799,4.0
65,59,3.5
183,667,2.5
277,750,4.5
80,22,5.0
177,961,3.0
252,614,4.0
119,163,4.5
123,1403,3.5
138,374,2.5
57,1008,3.5
274,1465,4.0
5,185,3.0
160,300,3.5
201,513,5.0
128,908,3.0
18,193,5.0
160,662,3.0
167,1198,4.0
22,1024,4.0
174,123,2.5
55,258,2.0
287,389,3.5
240,1136,3.0
272,540,3.0
260,39,5.0
187,490,5.0
199,1130,4.5
145,227,3.0
67,65,3.5
249,203,3.0
251,525,3.0
114,1471,4.5
252,1451,2.5
137,623,3.0
52,389,5.0
128,1168,2.0
274,646,4.5
167,814,4.0
9,619,3.0
114,645,4.5
142,320,2.0
188,512,3.5
205,616,4.0
296,685,4.5
62,465,2.5
202,185,3.0
68,538,3.5
257,1430,4.5
250,497,3.5
221,184,4.5
98,903,4.0
120,590,4.0
231,1516,4.5
105,1124,4.0
10,1079,2.5
88,18,2.5
185,40,3.5
198,1454,2.5
273,1460,4.0
127,1085,3.0
285,574,3.0
169,1111,2.5
104,651,2.5
273,561,3.5
14,1408,3.0
41,977,4.5
192,794,3.5
71,419,5.0
251,506,3.5
22,1067,1.5
126,1506,3.0
199,586,3.5
28,926,5.0
257,1426,3.5
13,932,3.0
166,254,2.5
44,780,2.0
88,297,4.5
159,371,2.5
68,519,2.0
3,1011,4.5
244,1232,4.5
286,101,4.0
29,715,4.0
153,180,2.5
214,366,2.5
219,276,3.0
141,1254,1.5
271,180,2.0
255,397,3.5
61,850,4.0
171,435,4.0
35,631,3.5
246,614,4.0
10,725,2.5
77,798,5.0
158,557,5.0
255,620,4.0
20,190,4.5
13,272,4.0
268,95,4.0
160,658,4.0
226,1375,3.5
88,104,2.0
55,111,4.5
201,1214,5.0
183,1093,2.5
239,270,3.0
50,964,2.5
115,1264,4.0
170,134,4.5
180,1041,3.5
167,1331,3.0
155,847,3.5
247,484,3.5
40,997,2.5
50,832,4.0
56,186,4.0
1,1089,5.0
296,401,3.5
156,1194,2.5
262,128,4.0
287,64,4.0
202,1117,3.5
285,1373,3.0
6,1328,4.0
224,174,3.5
213,934,2.5
280,752,4.0
20,1415,4.0
144,1059,2.0
46,968,4.0
277,23,3.5
263,534,3.0
27,1279,3.0
249,570,3.0
132,1519,2.5
90,360,3.0
271,707,2.5
136,1091,3.0
135,298,2.5
140,554,5.0
201,1504,5.0
100,140,3.0
229,516,3.5
13,189,2.0
112,1307,4.0
62,1239,2.0
290,379,2.0
32,796,5.0
136,903,3.5
103,805,3.0
221,212,4.0
37,914,3.0
1,1362,4.5
78,1177,2.5
245,7,3.5
247,1326,2.0
42,1296,4.0
98,489,5.0
158,34,3.0
29,1477,3.5
268,1187,4.0
37,1507,2.5
24,218,2.5
113,665,2.5
165,688,2.0
141,851,3.0
125,84,3.5
193,166,4.5
146,78,4.5
256,394,2.5
186,567,3.0
58,972,5.0
28,746,5.0
223,929,3.0
91,238,1.5
121,668,3.5
103,452,4.5
300,297,5.0
192,553,4.0
66,575,4.5
88,178,4.0
268,948,4.0
127,508,2.0
202,186,3.0
236,1196,3.0
233,831,5.0
1,1255,4.0
107,166,4.0
264,420,4.0
172,1106,1.5
298,867,3.5
33,764,3.0
201,158,2.5
142,1321,3.0
119,1065,3.0
134,97,4.0
83,240,5.0
163,1177,2.5
75,656,5.0
280,83,2.5
206,452,4.5
48,570,5.0
45,1366,5.0
76,764,4.0
229,180,3.5
228,849,2.5
107,182,3.0
140,1455,4.5
196,1516,4.0
14,968,4.5
92,59,3.5
142,1010,3.5
70,335,3.5
185,730,2.5
40,1053,3.5
274,27,2.5
211,334,4.5
80,1460,4.0
236,624,2.5
61,630,4.5
58,884,4.5
56,1352,4.5
130,136,4.0
6,720,5.0
143,1256,4.0
292,29,4.0
88,203,4.0
259,973,3.5
55,644,4.0
57,910,2.5
220,753,5.0
252,216,3.5
62,346,4.0
102,411,5.0
218,1023,4.0
298,222,2.5
69,140,4.0
14,670,4.5
40,1034,3.0
176,1120,4.5
61,771,2.5
19,363,4.5
85,883,4.0
200,999,3.0
32,1210,3.0
188,732,4.5
121,1410,4.0
157,1103,3.5
291,1001,3.0
106,1018,4.5
154,544,2.5
294,1185,3.0
272,875,3.5
40,1335,3.5
110,1070,3.5
237,493,4.0
223,845,3.0
147,329,3.0
59,394,2.5
159,559,3.0
282,41,4.0
43,1233,5.0
187,484,4.0
257,1076,3.5
63,642,2.5
192,868,4.0
75,632,3.5
18,1376,4.0
186,796,2.5
202,617,3.5
108,1320,4.0
18,1007,3.5
217,329,5.0
260,1424,5.0
228,279,3.5
103,626,4.5
265,1506,3.0
89,1326,4.5
237,346,3.0
220,1162,3.0
233,1013,2.5
105,546,4.0
106,59,4.0
135,1266,4.0
235,22,5.0
166,525,4.5
121,94,4.0
259,781,3.5
287,348,4.5
174,271,4.0
134,642,3.5
66,881,4.0
136,310,3.5
226,387,3.5
134,1446,4.5
60,254,4.0
87,674,4.0
63,315,3.0
246,1344,4.5
232,1166,4.0
145,782,2.0
131,817,4.5
207,1236,2.5
50,1050,3.5
138,1154,3.0
270,1165,3.5
56,728,3.5
42,34,4.0
94,93,2.5
153,161,4.0
55,1095,4.0
203,28,3.0
250,620,3.0
70,391,5.0
14,986,4.5
124,304,5.0
79,1439,4.5
249,1199,3.0
201,684,5.0
222,596,4.0
250,1463,3.5
10,970,2.5
230,894,2.5
148,1481,5.0
185,265,4.0
81,1008,1.5
156,535,5.0
82,1032,4.0
117,1151,4.5
133,728,5.0
78,343,3.5
106,1451,3.0
51,1326,4.5
71,14,4.5
259,175,4.0
213,1085,4.0
212,174,5.0
206,889,4.0
78,859,3.5
284,705,3.0
76,173,3.5
172,191,5.0
82,1035,4.5
31,726,3.5
230,929,3.0
121,1220,4.0
294,1193,5.0
185,201,4.0
48,1078,4.5
287,1197,3.5
251,1499,3.0
190,226,2.5
79,996,4.0
74,442,3.5
281,856,4.0
159,667,2.5
199,1323,2.5
85,1322,2.5
278,975,4.0
10,247,3.5
213,527,3.0
51,375,5.0
209,347,4.5
167,656,3.5
62,1010,4.0
259,236,4.0
34,39,5.0
52,258,4.0
257,292,4.0
87,343,4.0
129,1295,4.0
262,94,3.0
46,1431,3.0
72,885,2.0
176,1450,4.0
126,659,3.5
9,274,5.0
2,976,3.5
285,1104,3.0
228,734,4.5
5,948,3.0
99,733,3.5
114,76,3.5
108,1012,5.0
290,134,4.0
292,562,3.5
273,930,1.5
219,834,3.0
186,460,2.5
216,803,4.0
13,512,3.5
169,199,3.0
172,507,4.5
123,1186,5.0
194,1421,3.0
66,906,2.5
53,823,2.5
211,1278,2.0
52,54,5.0
169,395,4.0
100,911,3.5
71,124,3.5
184,299,3.0
159,1236,2.5
240,1185,5.0
172,614,5.0
22,1309,4.0
118,1278,3.0
170,770,4.0
95,744,3.5
73,902,4.5
300,408,4.5
90,1136,4.5
101,208,3.0
57,1457,2.5
74,389,3.5
220,1097,4.5
77,507,5.0
261,1002,3.0
42,767,3.5
192,1191,4.0
299,75,4.5
121,448,3.5
194,174,3.5
181,1196,3.5
263,169,3.0
41,467,4.0
37,675,3.5
141,535,2.5
154,578,2.0
240,945,3.5
44,1144,4.0
157,872,5.0
207,1102,3.5
17,801,4.0
198,973,3.5
156,352,3.0
284,1236,4.0
198,422,4.5
269,932,3.5
211,423,3.0
106,1362,4.0
104,943,3.0
21,801,4.5
128,1165,3.0
23,324,4.0
35,1133,2.5
189,338,2.5
38,946,4.0
205,813,3.0
70,1373,5.0
249,140,2.5
225,345,2.0
6,1464,2.5
25,1226,2.5
194,1361,3.5
56,1110,4.5
220,731,5.0
7,436,4.0
34,571,4.5
112,1166,4.5
49,1427,5.0
69,1409,3.5
247,687,3.5
262,28,4.0
64,123,3.0
193,1315,3.0
228,674,3.0
21,1067,4.0
196,1290,3.0
99,419,3.0
89,419,5.0
160,1478,4.0
218,1241,4.0
104,986,4.0
185,774,3.5
222,988,5.0
196,313,4.5
157,581,5.0
247,683,2.5
98,1205,3.0
20,333,3.5
179,1386,3.0
76,1240,4.0
297,331,2.5
48,1320,2.0
46,1008,4.0
36,856,3.5
88,393,3.5
210,341,3.0
33,207,3.0
137,86,3.5
267,690,4.0
176,1251,4.0
52,285,3.5
63,660,3.0
167,910,4.0
249,1244,4.5
293,1034,4.0
255,494,4.0
46,1374,4.0
70,1231,3.5
196,458,4.5
149,229,3.0
60,754,2.5
161,637,2.0
217,655,2.5
76,581,3.0
18,656,3.5
64,772,4.0
108,461,4.0
27,1123,3.5
179,801,3.5
145,807,2.5
28,1179,4.0
76,197,2.5
61,502,4.5
124,1332,3.5
6,239,3.5
251,461,2.5
141,1101,3.0
11,1086,3.5
64,1424,3.0
285,644,3.5
83,1152,4.5
18,352,4.5
154,912,3.0
252,203,4.5
73,865,3.5
131,1386,4.0
37,1290,2.0
127,554,4.0
34,1312,3.5
171,463,5.0
114,253,5.0
157,1003,2.5
145,1130,3.5
80,259,3.5
190,1449,2.5
45,185,5.0
48,1179,3.0
147,1497,3.0
273,1263,4.0
4,707,3.0
271,1248,1.5
230,359,3.5
27,437,2.5
292,1317,5.0
250,729,3.0
236,1480,3.0
252,999,4.5
129,374,4.0
225,889,4.5
102,545,2.5
66,797,4.0
56,259,3.0
122,1511,3.0
246,879,5.0
128,879,4.0
53,300,4.5
27,474,4.0
219,1319,3.5
180,2,3.5
165,1243,3.5
187,624,5.0
7,267,4.0
271,566,3.5
197,218,3.0
98,203,3.0
280,315,4.5
130,1148,3.5
149,1160,3.5
204,1403,4.0
263,1051,4.0
156,1131,2.5
115,1093,3.5
143,756,4.0
282,1479,3.5
30,573,3.0
9,1195,3.5
132,810,3.5
119,361,2.5
145,44,3.0
7,205,5.0
23,549,4.5
7,218,4.5
44,253,2.0
23,1116,3.5
73,460,3.0
219,790,2.0
44,1239,5.0
220,1087,3.0
2,1344,3.0
76,262,3.5
218,683,4.0
126,785,3.0
9,1144,4.0
69,863,4.0
71,762,2.5
55,1192,3.5
16,749,2.5
126,158,3.0
17,931,5.0
133,1028,5.0
140,449,5.0
287,960,3.5
195,1325,4.5
139,214,3.0
15,219,2.0
6,385,4.5
138,991,3.0
162,633,2.5
204,400,4.5
201,308,4.0
20,331,3.5
238,1282,2.5
73,700,3.0
68,883,3.0
123,1019,2.0
8,634,5.0
45,193,4.5
87,331,2.5
37,367,2.5
67,752,4.5
43,1398,3.5
30,1149,3.5
82,1316,3.5
239,133,5.0
244,571,4.5
280,963,3.5
195,970,4.5
109,1401,4.0
73,1075,4.0
133,111,5.0
153,337,2.5
297,1263,3.0
231,1185,4.0
112,443,5.0
296,34,3.5
158,848,3.5
268,688,3.5
51,213,5.0
54,235,3.5
241,1349,4.0
213,495,2.5
213,32,3.0
266,1229,3.0
88,881,5.0
202,1492,3.0
163,1060,3.5
79,1266,5.0
41,784,4.0
184,455,2.5
275,1351,3.5
12,1221,3.5
73,191,4.0
107,207,3.0
12,1282,2.5
161,366,4.0
17,1098,4.0
187,445,3.5
71,451,3.0
144,1204,5.0
106,1276,4.0
181,921,3.5
18,62,3.0
96,503,3.5
191,251,2.5
110,477,3.0
198,1233,4.5
39,656,4.0
26,1022,3.5
232,946,4.5
207,34,5.0
155,820,3.5
161,1255,4.0
253,1266,5.0
115,22,4.5
224,349,4.0
189,89,3.5
169,1369,3.0
271,1457,2.0
106,160,2.5
254,436,3.0
97,215,5.0
271,1034,4.0
198,1271,5.0
205,337,5.0
53,1088,4.5
136,1128,3.0
258,201,3.5
196,388,3.5
253,888,2.5
26,450,3.5
123,1090,3.5
116,803,4.5
138,1015,4.0
162,685,4.0
88,971,4.5
251,968,3.5
149,1076,4.0
76,205,4.0
180,1118,2.0
76,291,5.0
221,1391,4.5
231,1255,3.5
178,1361,2.5
250,1215,3.0
181,2,3.5
71,1149,3.5
101,596,3.5
243,1305,3.5
134,1223,5.0
289,1185,4.0
214,409,3.5
44,895,2.0
258,945,2.5
287,863,5.0
125,805,4.5
4,1061,4.5
55,1218,5.0
149,125,3.5
28,1015,4.0
80,235,5.0
267,507,4.5
243,1036,4.5
208,1120,4.0
225,1264,3.0
73,493,3.5
280,1368,3.5
238,854,3.5
240,1051,4.0
289,807,3.5
248,967,5.0
260,1077,5.0
166,1190,4.0
24,61,2.5
197,132,3.0
38,658,4.0
231,401,3.0
104,394,3.0
13,1370,3.0
3,1492,4.5
255,390,3.0
119,733,3.5
81,590,3.0
31,286,3.5
37,214,2.0
221,467,4.0
29,1512,2.5
194,119,4.0
48,157,2.5
161,1234,4.5
126,1345,3.5
254,1339,5.0
137,214,3.5
249,161,3.5
71,291,3.0
233,44,5.0
18,570,4.0
31,460,5.0
95,1353,3.5
14,1273,4.5
219,1063,4.0
122,1170,4.0
141,1246,4.0
136,909,5.0
226,956,2.5
285,837,4.0
41,1250,4.5
133,261,3.5
90,477,4.0
226,650,3.0
117,528,3.5
277,717,3.0
260,232,4.5
191,852,5.0
219,294,2.5
209,768,3.5
151,53,3.0
261,1194,3.5
77,1330,4.0
115,1291,5.0
215,1502,3.5
242,237,4.0
228,1501,2.0
71,930,3.5
62,1522,3.5
13,1414,2.0
56,93,5.0
210,1044,2.5
4,1215,4.0
225,1011,4.0
289,1061,3.5
178,340,3.5
141,997,4.0
276,1170,4.0
228,1067,3.0
114,1039,3.0
233,1507,5.0
162,888,2.0
267,1283,3.0
71,1201,3.0
2,365,3.0
299,1307,3.5
272,1369,4.5
183,449,2.5
148,916,4.5
238,1353,2.5
204,1408,4.0
210,125,3.5
210,1281,3.5
67,1106,3.5
11,1133,3.5
275,28,3.0
11,994,3.0
127,157,3.0
213,311,3.5
160,1149,3.0
146,1093,3.0
202,927,4.5
13,172,4.5
251,512,4.5
207,970,4.5
31,1517,3.0
78,75,2.0
42,770,4.0
7,341,4.5
218,1121,4.0
5,241,3.5
139,340,4.0
268,948,3.5
70,971,4.0
214,385,5.0
49,321,4.5
287,395,4.5
300,627,2.5
207,1150,4.0
79,366,4.5
53,1213,5.0
243,345,4.0
119,107,3.0
242,620,3.5
61,1070,5.0
110,1457,4.5
224,905,4.5
286,392,3.0
92,402,4.0
159,1281,3.0
293,213,4.0
79,270,3.0
62,1511,3.5
163,1028,2.5
137,1427,3.0
47,1495,3.0
163,943,3.0
98,365,3.0
290,647,3.5
88,1199,3.5
276,889,4.0
107,551,3.0
108,447,4.5
96,287,4.0
166,1155,4.5
54,1290,3.0
234,1497,4.5
192,692,3.5
206,480,5.0
216,873,2.5
28,944,3.5
155,165,5.0
105,767,3.0
282,1407,3.0
218,56,3.0
189,697,3.5
1,283,5.0
48,787,4.5
218,584,4.0
134,1398,3.5
55,170,4.5
208,330,3.0
295,24,4.5
28,871,4.0
60,923,4.5
274,748,2.0
233,100,5.0
236,367,4.5
214,915,4.0
183,1499,2.5
269,939,4.0
52,866,4.0
95,527,2.0
224,567,4.5
24,1346,4.0
163,454,4.0
167,1109,4.0
175,1091,4.5
200,826,4.0
250,708,2.0
272,623,3.5
16,1279,5.0
221,582,3.5
276,253,3.0
112,227,5.0
206,837,4.5
112,1228,4.0
163,921,2.5
91,591,3.5
89,1338,3.5
215,512,2.5
190,661,3.5
34,1236,4.0
237,1314,4.5
170,502,4.0
17,790,3.0
214,1467,4.0
274,1487,2.0
204,82,4.0
226,255,2.0
135,696,3.5
136,152,5.0
252,304,5.0
289,1424,3.5
150,1197,2.5
265,1319,4.0
257,634,4.5
62,1361,5.0
51,1040,2.0
276,163,2.5
143,188,2.5
60,205,4.0
111,998,4.5
58,1232,3.5
91,614,3.0
288,335,3.0
222,624,3.5
276,1249,3.5
80,321,4.0
81,1250,3.0
182,855,3.0
210,765,3.0
219,219,3.5
241,1201,5.0
52,1102,4.5
69,1501,4.0
78,1173,4.0
150,45,2.5
35,1433,3.0
62,842,4.0
250,1083,4.5
290,1008,3.5
171,1158,4.0
82,1401,4.0
142,677,2.5
271,799,2.5
116,875,5.0
168,938,4.0
103,304,3.5
21,142,4.5
162,1348,3.0
139,56,3.5
226,769,3.5
107,101,3.5
205,407,3.0
98,1042,3.0
234,15,3.0
52,134,5.0
154,1437,3.5
242,663,2.5
128,1157,4.0
241,80,3.0
57,680,2.5
74,457,3.5
34,2,3.0
66,198,4.5
293,1260,3.0
155,674,3.5
198,374,3.5
122,332,2.0
173,749,5.0
49,247,4.0
152,894,5.0
259,1047,3.5
114,725,4.5
272,743,3.5
272,767,3.5
116,1249,3.5
104,821,5.0
244,660,2.0
154,137,2.5
83,1212,3.5
180,566,3.5
300,671,3.5
61,638,4.0
119,524,2.0
239,1199,3.0
250,864,1.5
54,171,3.0
300,454,4.5
137,1233,3.5
51,195,2.0
123,82,4.5
294,371,2.0
169,510,3.5
135,1517,3.0
179,627,2.5
161,1274,2.0
287,1147,3.5
102,813,3.5
198,169,4.5
126,561,4.5
115,449,3.5
111,26,5.0
11,1190,3.5
199,732,2.5
69,1439,3.0
260,459,4.5
295,351,2.0
178,1447,3.5
182,1473,3.5
15,441,5.0
159,1103,3.0
33,680,3.0
207,375,2.5
130,186,4.0
206,696,5.0
32,196,4.5
271,628,3.5
36,1021,3.0
112,1176,3.0
91,912,3.5
20,221,4.5
52,1370,5.0
174,749,4.0
207,734,2.5
246,1211,2.0
165,1090,4.0
280,1005,4.5
200,1432,3.5
22,789,3.5
223,366,4.0
23,203,4.5
164,1463,3.5
106,1351,5.0
200,824,1.5
73,559,5.0
194,810,3.0
230,237,4.5
275,671,2.5
285,412,3.5
56,469,3.0
199,139,3.0
74,1165,3.0
79,1320,3.5
259,462,5.0
100,117,3.5
9,1476,4.5
165,79,4.5
196,1153,3.5
199,1287,4.0
244,1255,4.5
233,738,4.0
199,615,4.0
236,723,3.0
236,817,3.5
272,504,4.0
187,1278,4.5
103,692,4.5
265,885,3.5
163,1385,3.0
28,185,4.5
183,622,1.5
78,851,4.0
210,912,4.0
243,977,4.5
11,758,3.0
202,1014,3.5
214,342,4.5
230,692,3.5
235,65,3.5
294,620,4.0
241,796,2.5
172,701,3.5
178,1376,3.0
261,155,2.5
7,1265,2.5
236,1293,2.0
26,1469,2.5
102,1434,3.0
39,1087,3.5
145,133,2.5
253,1502,3.0
229,1382,2.5
186,1430,3.5
210,946,5.0
207,952,4.5
215,1295,5.0
188,406,2.5
282,1364,4.5
55,631,4.0
220,1485,4.5
66,130,4.0
168,1137,5.0
170,1249,4.5
241,40,2.5
142,1458,2.0
97,1240,4.0
32,400,3.5
193,419,4.5
13,864,1.5
76,1282,4.5
81,584,5.0
64,669,5.0
189,1165,2.5
68,693,3.0
176,128,3.5
80,919,4.0
134,491,4.0
116,87,4.0
120,594,3.5
282,140,2.0
145,805,3.5
263,831,3.0
185,471,4.5
262,635,4.0
93,1475,3.0
85,509,5.0
55,327,2.5
217,764,3.5
214,619,3.0
105,976,4.0
58,1440,5.0
111,62,4.5
222,845,5.0
33,548,3.0
140,1521,2.5
234,1116,4.0
191,1189,3.5
150,885,3.5
130,1322,4.0
85,704,3.0
75,1175,3.0
203,1027,3.5
267,1179,5.0
85,465,4.0
172,809,4.5
180,1015,3.0
37,392,3.0
96,147,4.0
232,1216,3.0
164,64,4.0
243,1403,4.5
250,189,3.5
49,962,3.5
232,911,4.5
93,100,4.0
90,926,3.5
193,238,3.5
289,1114,3.5
243,572,4.5
45,1362,4.5
206,282,5.0
101,979,4.0
95,847,3.5
154,1437,4.0
191,545,5.0
71,439,3.0
199,1133,2.5
135,809,4.5
192,1302,3.5
39,1229,2.5
34,806,3.5
175,963,3.0
198,282,4.5
176,129,4.5
138,556,2.5
72,1410,2.0
173,1242,3.5
282,7,3.5
131,862,4.5
251,222,4.5
199,245,3.5
28,1124,5.0
66,420,4.0
58,311,2.5
300,785,2.5
47,256,2.0
209,452,5.0
223,779,3.5
140,421,3.0
112,724,5.0
128,133,4.5
177,781,2.5
224,714,2.5
246,469,5.0
82,103,3.5
77,639,4.0
35,484,4.0
40,208,3.0
92,558,5.0
30,807,3.0
22,773,2.5
251,1488,5.0
269,1024,3.0
189,612,3.0
155,501,4.0
130,818,3.5
239,888,2.5
283,982,4.0
170,340,5.0
288,123,4.0
112,1068,3.5
236,754,3.0
265,1053,3.0
290,295,2.0
101,1166,3.5
219,432,1.5
34,449,5.0
253,702,4.5
191,529,3.5
170,1398,3.5
126,528,3.0
113,1358,3.0
161,117,2.0
147,689,4.0
168,207,4.0
277,106,3.0
91,1172,4.5
52,1194,4.5
21,1005,2.0
270,1255,3.0
34,1017,4.5
174,1043,4.0
206,482,5.0
108,318,2.0
31,242,3.5
38,1187,3.5
247,840,2.0
283,1204,3.5
108,1344,4.5
34,517,5.0
255,921,2.5
217,377,4.5
85,852,5.0
22,856,2.5
5,1260,5.0
257,433,4.0
259,1088,3.5
101,935,4.0
171,129,5.0
293,84,2.5
231,814,3.5
141,1097,3.0
60,797,3.5
103,1404,5.0
169,43,4.0
87,852,3.0
219,1309,4.5
2,692,3.0
274,1047,4.0
43,1486,3.5
45,329,4.5
180,886,2.5
263,825,3.0
97,1170,4.0
191,950,3.5
288,1215,3.5
254,698,3.5
163,219,2.0
154,1362,2.5
71,1076,3.5
282,861,2.5
71,1205,4.0
245,508,3.5
292,35,5.0
65,836,2.5
97,1122,4.5
221,600,3.5
297,1020,4.0
59,1210,3.5
95,1189,3.0
128,1457,4.0
37,809,4.0
112,1335,5.0
212,700,4.5
74,302,3.5
125,896,2.5
2,847,3.0
91,1085,3.5
233,621,4.0
142,274,3.0
121,297,4.0
51,1349,4.0
159,42,3.0
145,1083,3.0
11,3,4.5
218,1201,5.0
206,1233,4.5
101,666,3.5
173,1091,4.5
9,157,5.0
71,149,3.5
70,1512,4.0
190,199,2.0
23,343,4.0
4,678,3.0
295,1,4.0
179,337,4.0
11,405,3.5
236,1267,4.0
105,885,5.0
33,1092,3.5
44,434,2.5
213,928,4.0
291,920,4.5
228,1097,5.0
65,232,5.0
203,277,4.5
65,1132,5.0
269,192,4.0
92,421,4.5
113,1304,3.5
217,1299,5.0
165,692,4.0
13,63,2.0
85,1305,5.0
51,1239,3.0
77,641,5.0
149,535,5.0
280,961,3.0
26,6,3.0
262,659,4.5
88,1266,4.5
9,133,3.5
201,1083,1.5
285,1513,3.0
91,135,2.5
205,1469,2.5
221,516,2.0
21,1294,3.5
149,1494,3.5
44,1497,3.0
266,565,5.0
69,697,3.0
150,728,3.0
270,1452,3.0
53,494,3.5
102,444,1.5
21,833,1.0
269,230,4.5
7,1410,3.5
242,1221,4.5
2,709,3.5
30,588,3.0
272,1202,4.5
209,303,2.5
215,189,3.5
19,1497,3.5
22,1292,3.0
173,878,4.5
50,264,4.0
10,87,3.0
112,698,5.0
221,1127,3.5
249,83,2.5
156,1083,3.5
192,1483,4.0
53,1422,5.0
290,1450,2.5
149,1447,5.0
294,1346,4.0
283,935,2.5
188,1165,3.5
170,211,4.5
292,390,3.0
115,113,3.5
243,634,2.5
117,1066,5.0
146,1360,4.0
73,700,4.5
208,735,3.0
76,1354,4.0
194,444,2.5
247,873,3.0
140,337,3.5
115,1053,3.0
33,154,3.5
99,53,3.5
143,659,3.0
209,1290,5.0
211,295,2.0
189,120,4.5
207,1376,3.5
71,1233,3.0
269,1093,3.0
100,351,4.5
240,1116,2.5
240,1016,3.5
262,194,4.5
146,485,4.0
204,1095,4.0
73,383,4.5
252,535,4.0
215,352,3.5
164,60,5.0
294,1514,3.0
220,1434,2.0
255,295,3.0
179,1167,3.0
38,357,3.5
204,1397,4.0
221,1248,4.5
82,260,1.5
153,1290,3.5
280,904,3.0
92,1115,4.0
96,1261,4.5
195,1258,2.0
254,1182,3.5
20,1090,3.5
96,756,3.0
138,62,3.0
138,515,1.5
138,534,4.0
273,1423,3.0
272,1406,4.5
259,757,5.0
251,1145,3.5
148,460,4.0
157,1277,2.5
296,1227,3.5
25,930,3.5
111,356,3.5
110,1075,3.0
163,179,2.5
182,14,5.0
270,1143,3.5
86,1257,3.5
61,1420,4.0
171,476,4.0
60,650,5.0
3,697,3.5
218,1512,3.5
52,622,3.5
198,455,4.0
226,756,4.5
112,1450,4.0
55,129,2.0
4,538,3.5
105,966,3.5
91,667,2.5
47,1135,3.5
94,441,3.5
112,60,4.5
291,670,5.0
300,485,5.0
126,1107,4.5
285,1010,3.5
11,1021,4.0
60,383,4.0
170,439,4.0
168,1063,5.0
51,747,5.0
28,1136,5.0
239,1166,3.5
108,763,4.0
274,1322,3.0
294,657,5.0
84,192,3.5
77,979,5.0
30,963,3.0
256,311,5.0
236,286,4.5
46,215,4.5
17,510,5.0
110,884,4.0
92,578,4.0
47,1075,3.0
168,770,4.0
100,1435,3.0
233,291,4.0
218,267,5.0
80,111,4.5
186,1269,3.0
221,1210,2.0
117,220,4.0
4,585,4.0
31,256,2.5
89,218,3.5
129,890,3.0
61,252,4.0
14,845,5.0
47,1059,3.5
188,1443,3.5
210,681,3.5
25,359,3.0
223,1017,3.5
62,1150,3.5
71,973,3.0
30,239,2.0
64,77,3.5
135,484,4.5
289,646,3.0
34,353,2.5
153,1309,3.0
34,1404,2.0
150,210,3.5
264,1353,3.0
236,352,3.5
211,1351,3.5
49,172,2.5
293,1051,3.5
280,818,2.0
32,532,3.5
48,387,5.0
44,1210,4.0
287,1462,5.0
46,868,2.5
283,509,5.0
146,460,4.5
236,1311,3.0
216,880,3.0
34,693,3.0
73,833,4.0
294,893,3.0
133,983,4.5
295,871,4.0
33,615,3.5
128,510,3.5
131,821,4.0
85,1015,4.5
64,200,3.5
149,1218,3.0
280,1494,2.0
75,557,5.0
139,543,3.5
128,1432,2.5
26,370,3.0
185,1423,4.0
59,972,3.0
276,809,4.0
161,1327,2.5
191,16,3.0
294,1257,4.5
224,332,4.0
160,697,4.5
158,453,4.5
260,111,4.0
178,110,2.5
218,383,4.0
232,1256,3.5
15,123,5.0
56,812,3.5
254,1145,2.5
76,110,3.0
129,1091,2.0
87,550,2.5
220,158,3.0
230,1101,4.5
252,348,3.5
195,793,4.5
22,399,2.0
118,1473,3.5
75,626,3.5
54,572,2.5
185,1089,4.0
34,1235,4.5
231,1132,3.0
165,1029,3.5
131,1506,3.5
271,1440,2.5
246,1395,3.0
46,921,4.5
121,1024,3.0
291,249,4.5
60,380,4.0
268,235,3.0
16,1386,4.0
43,388,4.0
48,175,4.5
142,72,2.0
9,8,4.5
195,153,3.0
24,551,4.0
190,1212,3.5
241,1123,2.5
291,1274,4.0
199,1082,2.5
290,879,3.5
233,773,4.5
45,272,2.5
72,1046,4.5
234,1447,3.0
71,575,3.0
71,978,3.5
39,271,2.0
191,1036,2.5
296,102,2.0
176,941,5.0
70,1031,3.5
144,120,2.5
267,1059,3.5
124,765,2.0
34,1314,4.5
295,1346,3.0
96,903,3.5
17,1216,4.5
8,991,4.0
45,1323,3.0
291,845,4.0
242,1103,4.0
37,315,3.5
114,376,4.0
152,124,4.0
20,918,5.0
281,1031,4.0
117,611,4.5
71,1444,2.5
181,665,3.5
253,1229,3.0
52,1407,5.0
169,605,3.0
1,1366,4.5
225,1159,4.5
214,104,3.0
57,696,2.5
253,908,5.0
67,1319,3.5
34,1274,5.0
156,1186,3.0
17,878,5.0
146,1340,3.0
280,301,2.0
199,69,3.5
296,1320,3.0
293,1122,2.5
245,1394,2.5
112,397,4.0
192,43,5.0
252,23,3.0
131,802,4.5
55,1101,4.0
294,196,2.5
17,848,4.0
60,1113,4.5
290,180,3.0
160,810,2.0
124,1422,4.0
40,259,3.5
228,1128,3.5
87,203,4.0
58,761,3.0
161,964,4.0
49,1139,4.0
174,981,3.0
111,1043,4.5
28,283,4.5
245,3,3.5
275,469,2.5
80,517,4.0
109,136,5.0
185,1234,4.0
7,74,4.0
26,568,2.0
209,811,4.5
30,729,3.5
115,1335,3.0
46,152,3.5
82,1088,4.0
15,566,2.5
291,1027,3.0
208,314,3.0
186,522,4.0
19,884,4.5
97,461,5.0
177,389,3.0
61,524,4.5
211,310,3.5
21,1266,4.5
209,1310,3.0
44,779,4.5
103,1366,3.0
134,72,5.0
124,1155,3.5
206,1302,5.0
103,492,2.5
139,575,2.0
91,703,2.5
155,373,4.5
123,566,2.5
61,586,3.5
136,1333,3.0
10,1497,2.5
272,343,3.5
282,1348,3.5
91,1386,2.0
76,833,4.0
240,1100,3.5
266,94,3.0
78,263,3.0
100,872,4.0
155,1422,4.5
102,709,4.0
79,801,4.5
96,705,3.5
192,1262,3.5
1,462,3.0
217,179,5.0
47,203,3.0
64,812,3.0
284,1447,2.0
253,538,3.5
111,313,4.5
83,1042,4.0
130,1160,4.5
95,830,4.0
173,798,5.0
246,235,4.5
252,646,5.0
287,664,4.5
198,791,4.0
142,1352,4.5
138,878,4.0
292,188,3.5
165,379,5.0
1,38,4.0
8,1017,4.5
46,630,3.0
221,832,4.5
268,442,2.0
119,380,3.5
200,1383,3.0
196,373,5.0
75,325,4.0
179,1457,3.5
72,862,2.5
18,678,5.0
209,723,4.0
198,1158,4.5
96,904,4.5
184,17,3.5
180,948,5.0
41,1258,4.5
269,508,4.0
150,1245,4.5
133,1185,4.5
210,300,4.5
169,861,2.5
112,553,3.0
81,213,3.0
242,258,2.5
6,458,4.5
183,803,3.0
299,1249,5.0
283,454,5.0
115,420,4.5
81,1518,4.0
128,400,3.5
17,1340,3.0
250,586,2.5
155,653,5.0
117,335,2.0
217,479,2.5
9,677,4.5
6,520,4.0
226,935,4.5
219,646,2.5
30,432,3.0
119,270,3.0
277,939,5.0
9,765,4.0
212,1416,4.5
94,103,3.5
278,1388,4.5
33,703,4.5
274,385,4.5
96,267,4.0
25,1052,2.5
284,152,3.5
26,993,3.0
253,522,4.5
286,770,3.5
134,401,2.5
149,38,5.0
298,678,2.5
132,814,4.5
163,172,3.0
69,240,5.0
211,448,2.0
93,884,3.5
264,696,3.5
105,220,2.5
23,460,4.0
81,1316,3.0
89,1103,4.5
223,855,4.5
5,1194,4.0
168,1140,2.5
69,2,4.5
199,364,3.0
93,1251,2.5
224,367,3.0
33,94,3.5
209,1256,3.0
83,1431,4.0
282,128,4.0
277,8,4.5
24,128,2.0
84,937,3.5
43,825,3.5
283,223,3.0
39,313,3.5
115,383,4.0
33,1083,2.0
268,1273,2.5
228,840,4.0
78,801,4.5
205,419,3.5
84,668,3.5
140,280,4.0
244,624,2.5
225,937,4.0
181,1405,2.5
176,1094,3.0
86,1358,3.0
32,1115,3.5
267,454,3.0
277,1138,4.0
248,1129,3.5
243,1134,5.0
77,97,3.0
24,417,3.5
150,1167,3.0
246,1088,4.0
18,232,5.0
105,252,3.5
130,767,4.5
20,259,5.0
224,281,4.0
218,371,3.5
151,667,4.5
115,475,4.0
42,713,4.5
86,1221,3.5
95,968,2.5
74,1298,2.5
178,1029,5.0
189,173,5.0
271,1228,3.5
230,290,5.0
152,945,3.5
298,533,4.5
171,1001,4.0
16,400,4.0
36,412,4.5
267,77,3.0
286,983,4.0
101,1402,3.0
157,1493,5.0
263,103,2.0
159,881,4.0
175,1413,3.5
175,336,3.0
44,589,3.0
264,1005,4.5
293,1065,2.5
27,294,3.0
299,1498,3.5
38,947,2.5
169,215,3.0
108,1030,3.5
223,1099,3.5
228,1182,2.5
162,766,3.0
259,1370,3.5
65,809,3.0
124,164,2.5
273,630,3.5
125,874,2.5
31,614,3.5
176,1228,4.0
126,724,2.5
171,882,2.5
150,1333,3.5
300,1164,4.0
178,505,4.0
69,492,4.0
94,1068,3.0
212,420,3.5
154,544,2.5
97,1148,4.5
70,439,4.5
217,276,3.5
215,1015,3.0
122,930,4.0
252,929,5.0
218,1124,5.0
184,440,4.0
129,1240,2.0
58,396,3.5
12,1117,3.0
69,1252,3.5
69,136,3.5
254,558,3.0
123,1318,4.5
248,1464,2.5
91,205,2.5
27,348,4.0
17,485,4.0
213,278,3.0
279,64,4.5
239,1239,5.0
70,352,3.5
56,1160,3.0
200,1016,3.0
36,628,5.0
116,270,4.5
74,1195,3.5
243,724,4.0
116,964,4.0
154,1142,2.0
69,719,4.5
295,1440,4.0
275,531,3.0
286,1157,2.5
17,1162,2.5
207,413,4.0
66,241,4.5
141,20,3.5
86,447,3.5
193,1216,4.5
3,249,4.5
297,482,3.0
254,413,3.5
246,104,4.5
264,890,4.0
229,38,4.0
134,25,4.5
143,842,4.0
165,513,3.5
208,905,4.0
28,1477,3.5
47,801,4.0
272,1018,3.0
117,456,4.5
233,18,4.0
287,220,4.5
215,709,4.0
204,65,5.0
89,114,4.0
66,939,4.0
46,360,5.0
219,719,2.5
16,530,4.0
157,615,3.0
13,1274,3.0
105,305,4.5
180,864,3.5
84,651,3.0
79,1185,4.5
212,1046,4.0
290,630,2.5
194,309,3.0
222,353,2.0
145,165,4.5
238,879,3.5
148,1483,4.0
265,1100,2.5
10,61,3.0
206,637,5.0
123,292,4.0
259,1432,3.5
26,493,3.0
255,203,4.0
133,1288,3.0
106,698,3.0
12,959,2.5
213,874,3.0
241,787,3.0
252,859,5.0
94,1121,4.0
282,1026,3.0
151,249,5.0
20,784,4.5
242,1414,2.5
296,291,4.5
209,298,4.0
3,746,5.0
268,1424,3.0
276,1184,2.5
34,49,3.0
55,1463,4.0
126,186,3.5
167,862,5.0
300,228,3.5
40,202,2.0
255,1310,2.5
237,39,3.5
190,960,2.5
184,905,4.0
257,251,4.0
135,1336,3.5
167,786,3.5
289,878,4.0
194,1447,3.5
174,822,4.0
65,1244,2.5
16,362,4.0
121,972,4.0
215,644,3.0
231,706,3.0
224,57,4.0
93,423,3.0
91,212,3.5
190,1334,3.0
284,1185,2.5
96,29,3.5
137,125,4.5
238,1404,3.0
17,1195,5.0
94,1138,4.0
114,666,4.5
282,461,4.0
81,179,2.5
114,1336,4.0
289,122,3.5
203,1205,4.5
192,891,5.0
187,45,4.0
280,573,3.0
116,322,4.0
99,138,3.5
170,122,2.0
116,581,4.0
116,1190,3.0
284,271,3.0
276,473,3.0
138,186,2.5
171,242,3.0
255,406,2.0
143,787,3.5
138,918,4.5
68,371,3.0
205,785,3.5
218,469,2.5
293,554,3.5
182,727,3.5
49,286,3.0
26,1060,2.5
131,1384,5.0
93,16,3.5
278,1009,2.5
295,196,4.0
30,697,3.5
222,564,3.0
89,1349,5.0
111,803,5.0
82,18,4.5
208,345,3.0
294,1217,4.5
214,909,3.0
210,380,3.5
10,364,2.5
153,192,2.5
3,1350,2.5
205,820,2.5
29,801,2.5
270,725,3.0
89,457,4.5
106,841,3.5
133,1460,3.0
223,1466,2.5
148,403,5.0
238,963,3.5
243,697,2.0
282,548,2.5
177,1173,4.5
292,339,4.0
116,281,5.0
291,546,5.0
174,549,3.5
201,571,5.0
17,876,3.5
251,1071,4.0
193,958,3.0
199,828,4.5
35,1422,2.0
191,123,3.5
296,1429,4.0
288,42,4.0
220,69,3.5
242,278,5.0
244,1049,4.5
260,674,4.5
24,819,2.5
162,1170,3.5
31,907,2.0
201,143,4.5
8,328,5.0
288,478,3.0
4,598,4.5
106,179,4.5
10,1244,4.5
140,1421,4.5
276,1389,2.0
271,107,2.5
298,1348,3.0
262,673,4.5
59,612,3.5
25,1105,2.0
34,1079,3.0
16,40,3.0
174,182,3.0
277,1404,3.0
57,272,2.5
17,935,4.0
216,399,2.5
42,1348,4.0
111,1222,5.0
47,510,3.0
232,1443,3.0
193,920,5.0
193,1413,4.0
181,871,4.0
226,1021,2.5
190,261,4.5
238,151,3.0
298,1075,4.5
66,363,4.5
177,1504,5.0
245,1455,5.0
96,889,4.5
89,506,3.0
103,1228,4.5
16,137,4.0
26,1337,3.5
9,963,3.5
277,1375,4.5
70,24,5.0
78,1063,4.5
292,874,4.5
53,535,4.5
292,758,3.5
68,9,2.5
4,630,3.5
62,335,5.0
247,829,3.0
27,717,2.0
92,1057,4.5
108,919,3.5
253,1095,3.5
66,1246,4.0
286,1215,4.0
138,524,3.0
182,926,2.5
201,1365,2.0
243,1204,5.0
7,638,4.0
10,365,4.0
277,1395,3.5
21,1094,5.0
78,896,4.5
122,410,3.5
98,1239,2.5
48,162,2.0
75,776,2.5
174,97,4.5
205,826,4.0
82,38,4.0
241,15,4.5
143,403,3.0
33,836,2.5
296,6,4.5
7,788,3.0
192,796,4.0
25,1313,3.0
5,1202,3.5
61,294,4.5
81,86,3.0
274,89,5.0
253,577,4.5
169,1053,2.0
62,1123,4.0
179,1289,4.0
195,837,5.0
216,832,3.5
33,750,4.0
226,906,5.0
136,749,3.5
164,1506,3.5
295,815,3.5
154,1472,2.5
96,1422,5.0
243,1316,4.0
185,273,4.0
208,531,5.0
165,529,2.5
243,327,3.5
73,280,3.0
94,1179,3.0
217,387,4.5
90,1058,2.5
176,797,4.5
227,894,4.0
283,255,3.0
202,583,1.5
204,908,4.5
286,108,4.5
161,624,2.5
148,110,4.5
223,752,4.0
220,861,3.0
221,1493,3.5
294,428,4.5
293,643,2.0
145,262,3.0
196,268,3.5
281,591,4.0
3,150,5.0
231,335,3.5
272,615,4.0
83,1027,4.5
231,990,2.5
280,758,2.5
275,802,3.0
167,1277,4.0
278,911,2.5
203,16,3.5
231,722,4.0
89,964,4.5
269,692,4.0
213,533,2.0
152,414,4.0
209,873,4.5
241,1496,2.0
11,837,5.0
138,843,2.5
24,1185,3.5
244,1222,2.0
22,1387,2.5
281,886,5.0
129,554,3.0
226,942,5.0
273,943,3.0
159,1483,4.0
164,1427,4.5
216,880,3.0
185,1124,4.0
236,861,2.5
272,960,4.5
196,697,5.0
213,313,4.0
243,1187,4.5
78,1174,4.0
220,648,2.0
216,1404,2.5
264,657,4.0
30,1076,3.5
246,163,4.0
205,1235,5.0
281,205,4.0
291,1001,2.0
19,97,4.5
68,450,2.5
168,392,4.5
229,1515,4.5
112,662,5.0
22,1319,2.5
114,561,4.5
144,638,4.0
53,910,3.0
202,1233,3.5
231,1286,4.0
219,601,3.0
217,45,2.5
112,1256,4.5
107,728,5.0
256,750,3.5
156,465,3.5
154,797,2.5
150,1116,3.5
43,998,5.0
59,690,2.5
83,158,4.5
37,203,3.5
154,1368,4.0
131,257,4.0
148,1323,4.5
286,942,2.5
194,160,5.0
124,66,3.0
66,868,4.5
9,1259,2.5
77,827,4.5
109,718,5.0
156,630,3.5
57,1126,2.0
249,686,4.0
139,1126,3.0
73,136,3.5
43,1407,4.5
298,305,5.0
235,1195,5.0
125,871,3.0
192,106,4.0
275,499,3.0
48,513,4.5
247,845,4.0
249,159,5.0
50,1293,4.0
233,833,5.0
2,1345,4.0
191,402,2.5
18,1326,4.0
168,345,5.0
49,56,4.0
39,1160,3.0
49,1064,4.5
20,655,4.5
67,1362,3.0
15,525,4.5
108,1180,3.0
93,325,4.0
131,683,4.0
153,880,4.0
90,112,3.0
48,828,5.0
171,136,4.0
81,1047,2.5
214,615,2.5
113,511,3.0
209,1181,4.0
149,1214,5.0
53,973,2.0
215,879,2.5
296,54,2.5
52,60,3.5
255,971,4.0
3,561,5.0
217,242,5.0
101,906,4.5
166,1439,4.5
98,616,3.5
203,538,3.0
57,1377,1.5
282,448,4.0
200,1170,3.0
206,506,5.0
42,464,5.0
140,1154,4.5
32,890,4.0
111,1115,3.0
297,1347,4.5
13,98,2.5
74,153,4.0
245,1375,3.5
52,1114,3.0
41,985,3.0
254,1445,2.5
159,1342,3.0
274,1428,3.0
110,490,4.5
256,1314,3.5
179,99,3.0
112,106,5.0
222,706,5.0
255,5,3.0
187,580,1.5
16,698,3.0
179,1484,3.0
186,752,3.5
196,976,3.5
141,456,3.0
194,534,3.0
53,1228,2.5
140,996,4.5
87,250,4.5
83,470,4.5
80,27,4.5
242,66,3.5
284,644,4.0
227,1003,5.0
269,60,4.5
277,150,3.0
169,618,3.5
171,538,3.0
148,1288,2.5
19,1381,4.0
114,466,4.0
300,29,3.5
177,763,5.0
157,570,4.5
215,773,3.0
25,493,3.5
23,457,4.0
287,1131,3.0
263,618,5.0
256,1050,3.0
65,701,4.0
204,693,4.0
15,337,5.0
32,437,5.0
150,464,3.5
11,186,5.0
81,1210,3.5
208,11,5.0
17,1201,4.0
24,734,4.5
300,1317,4.0
192,463,3.5
2,1324,3.5
298,634,1.0
74,445,4.0
120,584,4.0
126,910,4.0
175,706,3.0
215,257,3.0
295,1135,3.0
281,320,3.5
36,905,3.5
219,310,3.5
249,319,3.5
265,753,5.0
255,395,4.0
233,504,5.0
276,150,3.5
258,1135,4.0
255,1073,4.0
16,724,4.0
220,756,4.5
144,708,5.0
128,338,3.5
189,1281,2.5
3,1185,4.0
274,225,4.5
28,1439,3.5
132,150,5.0
57,9,4.0
253,1432,2.5
177,1481,4.5
60,107,4.0
105,275,2.0
74,1421,3.5
291,810,4.5
267,411,2.0
35,311,4.0
266,260,4.0
130,417,4.0
232,1044,2.5
277,831,4.0
106,18,4.5
130,1228,3.5
215,107,2.5
97,536,4.5
289,767,3.5
1,974,5.0
31,586,3.5
35,578,3.0
198,697,3.5
110,392,4.0
112,636,3.5
181,103,4.0
207,651,4.0
230,74,3.0
237,211,3.5
270,232,2.5
198,1460,3.5
102,848,4.5
15,1319,4.0
179,1351,2.5
247,1146,3.0
170,877,4.0
104,947,3.0
197,1214,4.0
36,1455,2.5
164,1061,4.0
123,1115,4.5
98,967,3.0
234,238,4.0
257,288,4.0
259,407,3.5
32,300,3.5
143,962,2.0
219,933,5.0
194,545,3.5
188,1423,3.5
133,940,2.0
146,1376,5.0
253,1202,3.0
169,1438,4.0
78,19,3.5
17,592,4.0
46,383,2.5
293,320,3.5
254,1419,4.5
21,1361,4.0
9,574,5.0
74,1335,4.0
102,1207,3.0
121,571,2.5
93,1399,3.5
118,1298,3.5
214,1317,3.0
43,288,4.0
46,715,4.5
109,1519,4.5
104,730,4.5
54,995,3.5
254,484,4.0
270,1362,2.0
100,1248,3.0
150,1196,3.0
70,984,5.0
223,1141,4.0
16,596,3.0
226,1171,3.5
181,81,2.5
185,377,3.5
268,1283,3.0
9,1208,5.0
77,1298,3.5
260,1282,3.0
12,706,4.0
93,86,3.5
11,789,4.0
217,1505,5.0
168,1414,4.0
142,1016,4.0
253,449,4.0
34,549,4.5
118,443,3.5
201,1061,4.5
236,969,4.0
221,1415,3.5
157,123,4.5
17,1162,2.5
251,1209,4.0
177,59,3.5
180,726,4.0
68,1152,3.0
34,951,5.0
120,678,3.5
52,292,3.0
181,1418,2.5
99,165,4.5
221,1282,4.0
245,733,5.0
113,856,3.5
213,934,4.0
89,1077,5.0
201,122,4.5
120,493,4.0
173,122,3.5
17,903,4.5
111,632,2.5
47,1480,3.5
186,131,3.0
170,1210,3.0
44,1068,3.5
55,1239,4.0
33,1043,2.0
219,1523,2.5
80,201,4.5
127,992,3.5
264,1493,3.5
101,521,4.5
91,114,5.0
162,813,3.0
5,560,4.0
236,198,4.0
68,354,2.0
161,769,2.5
2,1121,3.0
121,1498,3.5
63,1230,2.5
262,378,3.5
132,1469,3.0
26,370,4.0
57,1197,3.0
41,1027,4.0
124,726,3.5
69,52,3.5
101,1075,4.0
147,141,4.5
91,448,1.5
57,147,2.5
129,474,4.5
143,451,3.5
206,1217,3.5
86,132,3.0
75,193,5.0
232,1063,3.5
299,1336,4.5
246,1490,4.5
146,1259,5.0
30,277,3.0
210,1511,3.0
274,1009,5.0
161,499,2.0
209,193,2.0
181,849,3.5
157,1149,5.0
109,1199,4.0
272,1429,4.0
7,158,3.0
253,496,4.0
138,1185,2.5
121,254,5.0
112,701,2.5
140,378,4.5
131,832,4.5
63,1137,3.5
112,1236,4.0
241,1274,2.0
157,1187,4.0
70,66,4.0
91,1041,2.0
106,1274,4.5
245,279,4.0
116,626,4.5
139,1479,4.5
32,889,4.5
279,595,4.0
152,555,4.0
144,754,3.0
158,843,4.5
264,1347,3.0
173,562,4.5
159,720,3.0
277,1448,4.0
160,145,4.5
103,786,4.0
90,786,4.0
129,626,2.0
151,364,3.5
97,615,4.0
122,522,5.0
260,360,4.5
69,676,3.5
231,712,4.0
268,865,2.5
108,1231,3.5
23,938,4.0
282,413,3.0
175,280,3.5
234,1322,3.0
221,1207,5.0
297,936,2.5
12,1197,2.5
134,166,3.5
134,918,2.0
201,735,3.5
174,1406,4.0
252,419,5.0
223,637,5.0
136,677,3.5
276,663,2.0
27,174,4.0
225,1184,4.5
171,756,4.5
236,973,2.0
111,671,4.5
217,520,4.0
145,477,4.5
101,864,3.5
25,732,4.5
212,795,4.0
201,1103,5.0
284,1240,3.0
236,974,3.5
246,181,3.0
242,122,4.5
24,1170,3.0
176,76,5.0
41,864,4.5
257,1029,5.0
142,874,2.5
157,919,5.0
210,1459,3.5
207,35,3.5
85,1017,4.0
147,647,3.5
274,727,4.5
46,185,4.5
86,212,2.0
86,1479,4.0
40,1036,2.5
86,1421,2.5
57,1272,4.5
276,1172,3.5
29,1092,2.5
133,322,3.5
238,356,2.5
161,605,3.5
46,511,4.5
183,743,3.0
282,622,2.5
286,202,5.0
137,313,2.5
158,192,4.0
270,272,2.5
129,1516,2.5
258,300,3.0
100,1451,3.5
118,1298,4.0
67,324,4.5
238,717,3.0
172,1316,4.0
265,373,3.5
215,735,2.5
133,73,4.0
200,1008,4.5
196,487,2.5
200,1350,2.5
41,1261,5.0
261,1148,3.0
38,903,2.5
123,1507,4.0
289,1493,3.5
202,1011,2.5
96,1469,3.5
1,1080,4.0
224,1054,4.5
275,1029,3.5
283,1504,4.5
167,973,4.5
103,1288,4.5
258,567,3.0
150,1336,2.5
253,527,4.0
163,875,4.0
5,377,5.0
20,1509,5.0
244,1310,5.0
269,983,4.0
284,1422,4.0
260,563,3.5
105,996,2.5
214,707,5.0
79,84,3.5
207,1435,4.0
70,1289,5.0
154,1175,4.0
79,715,4.5
79,930,3.0
164,285,3.5
134,547,4.5
203,704,3.0
292,759,2.0
294,1388,2.0
293,741,4.0
135,1451,4.0
222,1487,2.5
299,111,5.0
153,1360,3.0
64,1318,3.5
148,1351,4.5
275,522,2.5
250,633,3.5
299,201,4.0
272,489,4.5
155,953,2.5
228,1468,3.5
253,1421,4.5
164,825,5.0
237,796,4.0
16,785,4.5
139,201,4.5
187,492,4.5
183,931,3.0
44,1254,3.0
140,1301,3.5
116,1490,4.0
227,1423,3.5
6,1052,4.5
176,1371,4.5
136,140,2.5
260,1195,5.0
101,1347,2.5
82,1200,3.5
76,653,3.5
136,157,3.5
273,922,4.0
10,1408,3.0
42,340,5.0
39,200,2.0
200,401,3.5
247,989,1.0
248,486,4.0
194,1022,3.0
265,1149,4.0
154,211,3.0
119,1397,3.0
129,109,4.0
287,205,5.0
279,23,5.0
127,138,4.5
142,22,4.5
102,1117,2.5
258,9,3.0
168,984,4.5
130,1176,4.0
14,1505,4.0
25,182,2.0
249,676,3.0
201,1210,4.5
133,827,5.0
224,20,4.0
233,478,5.0
242,697,3.5
274,1202,4.0
225,1109,3.0
175,241,3.0
27,742,3.5
237,934,3.5
199,1394,3.0
260,1493,4.5
209,448,5.0
244,1340,3.5
290,910,4.0
225,733,4.5
284,589,3.5
124,517,5.0
12,1341,3.0
201,186,5.0
176,100,3.0
130,1139,5.0
273,525,3.0
74,1085,3.5
93,267,3.5
247,1356,3.0
242,1433,3.0
291,838,3.0
58,635,3.5
94,965,3.0
166,1437,2.5
41,44,4.0
82,8,4.5
188,1426,2.5
138,851,2.5
10,917,3.5
88,816,2.0
150,387,3.0
294,1320,3.5
133,315,4.0
206,155,4.0
52,196,3.5
55,718,3.0
288,723,4.5
117,1200,5.0
176,956,5.0
236,790,2.5
280,1420,2.5
154,1338,3.5
237,1015,2.5
193,976,3.5
158,1327,2.5
81,1171,3.0
274,39,4.0
65,1284,3.5
34,468,5.0
66,344,3.5
71,258,1.5
76,496,3.0
95,812,3.0
34,673,4.5
6,457,4.5
169,1263,3.5
245,1219,3.5
87,22,3.5
9,1303,5.0
154,833,3.0
75,510,4.0
253,461,4.5
295,1204,3.5
164,1411,3.5
114,936,4.0
262,454,3.5
175,867,4.5
92,520,2.5
235,113,4.0
178,819,3.5
50,665,4.5
256,1431,3.5
154,162,5.0
81,1059,3.5
177,964,4.5
255,734,5.0
222,882,5.0
211,648,3.0
224,641,3.0
79,644,4.0
184,913,3.5
40,1035,3.5
23,103,4.5
77,1052,4.0
107,801,4.0
198,1503,3.0
216,1286,2.5
196,1074,2.5
250,1135,3.5
149,455,2.5
267,1314,3.5
146,1124,4.5
199,173,4.0
182,184,5.0
108,301,2.5
17,988,5.0
194,315,4.0
53,701,5.0
19,980,3.5
194,803,3.5
145,1375,4.0
16,1463,2.5
212,556,4.5
199,115,3.0
115,80,4.0
240,925,2.5
278,369,4.5
66,565,3.5
196,853,2.5
72,319,4.0
285,805,4.5
37,501,3.0
63,838,3.0
44,1261,2.5
74,161,5.0
102,1057,5.0
288,321,3.5
60,635,4.5
1,607,4.5
258,971,3.5
242,922,4.0
298,146,2.5
219,1140,3.0
251,495,3.5
274,44,2.5
226,1042,3.5
127,219,3.0
28,960,3.5
114,985,5.0
159,212,3.5
294,75,3.5
13,191,3.0
183,573,4.5
120,1393,3.0
125,1196,3.5
207,1470,4.0
234,560,3.5
78,1078,3.5
79,1134,5.0
48,1437,4.5
296,800,4.0
18,13,4.0
118,695,3.0
286,918,5.0
168,996,4.0
119,1355,2.5
277,742,2.5
29,110,3.0
57,114,4.0
168,1199,3.5
264,474,2.5
285,1279,2.5
288,980,2.0
112,126,4.0
239,1485,5.0
71,287,3.0
204,249,4.5
33,847,4.0
123,1038,4.5
34,302,4.5
293,704,3.0
274,1234,4.0
291,527,3.5
267,1290,4.0
260,238,2.0
114,1065,2.5
171,1422,3.0
199,1249,4.5
78,845,4.0
204,1485,3.0
153,149,3.5
297,710,4.0
131,925,3.0
44,934,4.0
182,883,2.5
83,1138,4.5
16,1113,4.0
204,1306,3.5
88,1075,3.5
88,904,3.5
149,715,4.5
2,274,2.0
282,669,2.0
168,680,4.5
187,67,4.0
156,1455,2.5
25,926,3.5
124,1340,5.0
140,1148,4.5
58,254,4.5
198,626,3.5
106,521,4.5
10,9,3.0
280,1344,3.0
212,349,4.5
67,197,4.0
209,852,3.5
100,1123,2.5
156,1516,3.0
157,829,4.0
102,746,4.5
55,453,4.0
10,1040,3.0
242,269,4.5
169,371,3.0
181,181,3.0
281,679,4.5
74,1399,3.0
292,1087,4.0
20,344,4.0
268,770,2.5
264,1478,3.0
144,1309,3.5
65,216,5.0
25,1336,3.0
133,1427,3.5
5,1322,1.5
159,568,3.0
201,1503,3.5
175,879,5.0
115,1131,3.0
245,1387,3.5
30,907,2.0
274,1466,4.5
97,697,4.0
284,1492,5.0
71,386,4.0
66,154,4.0
18,1424,4.0
22,76,3.0
100,1223,3.0
76,666,4.0
79,1344,4.0
14,791,3.0
128,105,4.5
209,1446,5.0
276,444,3.5
71,1231,2.5
15,365,4.0
126,1153,3.5
32,821,4.0
20,947,3.0
56,80,2.5
300,518,4.5
244,235,4.5
38,1129,3.5
13,175,3.5
214,1047,3.0
94,298,3.0
100,1521,4.5
216,1134,4.5
150,664,3.5
7,544,3.5
132,905,2.5
214,177,3.5
264,1025,2.5
14,1010,4.5
265,413,3.5
194,1303,2.0
239,538,2.5
192,1405,3.5
205,1140,3.0
61,211,4.5
21,120,4.5
297,1372,4.5
35,742,3.0
77,1363,5.0
243,1284,4.0
42,1382,4.0
241,747,3.0
178,577,4.5
146,385,5.0
118,910,2.0
46,617,5.0
153,1482,4.5
261,1254,4.5
173,1505,5.0
183,224,3.5
30,340,3.5
183,844,3.0
233,1423,4.0
141,1090,3.0
76,858,3.0
178,275,4.5
84,1177,2.5
229,792,3.0
234,370,3.5
221,939,4.0
139,296,4.5
93,1032,3.5
278,142,3.0
3,7,5.0
233,1431,5.0
129,56,3.5
271,824,2.0
68,954,2.0
266,210,4.5
68,614,4.5
91,1008,3.5
212,722,5.0
54,1282,2.0
279,30,4.5
250,853,2.5
153,608,3.0
283,286,4.5
88,1072,4.0
162,1257,3.5
113,943,3.0
108,1072,3.5
151,985,5.0
174,966,5.0
237,1480,5.0
248,1150,4.0
138,15,4.0
114,1307,4.0
189,1332,3.5
256,963,2.0
65,947,2.0
267,1401,5.0
297,601,1.5
276,704,4.5
6,571,5.0
221,1458,4.0
37,334,3.0
239,897,4.5
217,332,3.0
25,459,3.5
218,1280,3.5
39,448,3.5
144,668,5.0
231,944,3.0
164,606,3.5
292,754,4.0
176,1289,3.5
227,1146,4.0
177,153,3.0
95,767,5.0
152,306,3.0
70,1292,5.0
135,415,4.0
154,496,2.5
47,586,4.0
224,185,3.5
46,980,4.5
14,980,4.5
130,1343,4.5
5,234,3.5
155,1518,3.5
149,309,3.5
85,81,4.0
18,1266,4.0
26,1457,2.5
185,386,4.5
294,1209,3.5
99,424,3.5
78,1283,5.0
36,175,3.5
112,189,5.0
246,62,2.0
106,510,4.5
221,1010,2.5
266,711,5.0
236,464,3.5
194,158,4.0
29,422,2.5
205,47,2.5
204,1466,4.0
127,447,3.0
16,1006,4.5
278,1010,2.0
278,1522,4.0
162,231,2.5
289,1301,3.0
137,805,4.0
205,1178,4.0
205,250,4.0
53,366,4.5
160,141,2.5
158,769,3.0
265,1245,3.0
119,926,4.5
137,869,3.0
45,1203,4.0
137,1407,3.0
300,530,3.5
294,739,3.5
133,493,5.0
271,70,2.0
293,728,4.0
199,892,3.5
7,420,4.5
237,1199,4.0
210,95,4.5
228,212,3.0
173,578,2.5
148,356,3.5
294,775,3.0
234,968,4.0
67,248,4.0
214,494,4.0
156,354,2.5
150,10,1.5
76,195,3.5
285,1491,2.5
105,941,3.5
158,387,4.5
11,999,4.5
32,1502,4.0
297,337,2.5
18,1034,5.0
223,1402,5.0
210,566,2.5
53,306,2.5
224,814,4.5
65,457,4.5
17,557,4.0
65,51,2.5
184,428,3.5
133,727,5.0
82,73,4.0
28,640,3.5
107,70,3.5
98,169,3.0
250,901,2.0
191,1388,3.0
216,1171,2.5
238,593,2.0
106,923,5.0
220,419,3.0
68,1172,3.5
240,1387,2.5
42,262,3.5
269,76,4.5
235,965,2.5
273,506,3.5
299,1497,3.5
76,781,4.0
53,592,3.5
147,742,4.0
189,153,3.5
28,779,4.5
114,381,4.0
259,549,4.0
34,883,4.5
227,316,4.0
156,917,2.5
213,1146,2.5
147,1466,2.5
154,523,3.0
45,907,3.0
258,912,4.0
136,663,3.0
293,1321,3.5
58,797,4.0
3,1119,5.0
170,782,5.0
31,1194,2.5
42,167,4.5
122,830,5.0
180,1309,3.5
161,1234,4.0
111,1355,4.5
161,1063,5.0
16,1145,4.0
47,1185,2.5
206,1179,5.0
114,844,3.0
42,1009,3.5
160,749,3.5
52,866,4.5
72,277,3.0
136,1364,3.5
38,1517,4.0
17,880,4.5
61,884,4.0
33,454,3.5
261,278,4.0
78,882,4.0
54,1297,2.0
208,736,3.0
26,865,3.5
63,830,3.0
135,1028,5.0
68,562,4.0
9,1271,5.0
227,367,4.5
274,931,5.0
200,708,4.5
147,1291,5.0
241,30,3.0
67,174,3.0
200,793,2.5
190,605,2.5
33,423,3.5
141,368,2.5
29,308,3.5
117,1055,5.0
212,1278,4.0
65,1487,2.5
144,995,4.0
101,623,4.0
77,236,4.0
112,1276,5.0
265,1029,3.0
291,1033,4.5
145,306,4.0
165,670,3.5
239,679,3.0
118,1508,4.5
262,326,4.0
223,1091,4.0
280,915,3.0
242,426,2.5
111,799,4.0
70,263,4.0
18,985,2.0
181,981,2.0
63,189,3.5
155,1284,3.0
272,1038,5.0
28,268,2.5
294,329,3.5
136,900,4.0
231,1405,2.5
269,812,5.0
159,1017,3.0
198,1469,5.0
282,1101,3.0
226,874,3.5
111,422,4.5
185,883,4.5
19,814,3.0
119,373,4.5
136,697,4.0
288,887,3.5
79,372,5.0
240,1398,3.0
10,1084,2.5
297,529,2.5
127,1024,2.5
287,148,4.0
159,1220,2.5
285,1243,5.0
251,57,4.5
55,631,4.5
1,1237,4.0
202,184,4.0
247,474,4.0
202,243,3.0
241,401,4.0
61,1396,3.5
50,1385,4.0
212,1073,4.0
243,711,5.0
151,842,4.0
255,105,2.5
227,1469,4.5
130,1015,3.0
140,486,3.5
179,573,3.5
195,563,3.5
1,1447,5.0
73,740,4.0
273,875,5.0
202,542,3.0
76,1179,4.0
46,894,2.5
274,672,2.5
237,540,4.5
165,1343,3.5
108,1314,4.0
210,124,3.0
278,1229,3.0
205,448,4.5
130,1377,4.5
107,1021,4.5
259,745,4.5
16,548,4.5
105,467,4.0
180,1271,3.0
6,1037,4.5
200,525,3.5
13,410,3.0
20,781,5.0
85,819,4.5
2,724,3.5
93,949,4.0
84,441,4.0
12,1060,3.0
29,1420,3.0
178,1087,5.0
230,419,3.5
139,675,4.5
168,1098,4.5
264,283,3.5
173,1212,5.0
295,1271,4.5
156,1520,3.5
174,1050,4.5
300,236,5.0
262,591,3.5
149,85,2.0
79,615,4.5
232,1451,3.0
148,509,5.0
241,79,3.5
170,853,4.5
136,272,2.5
251,316,3.5
114,923,4.0
11,617,5.0
80,1006,3.5
33,566,4.0
26,115,4.0
105,1348,4.0
213,1043,3.5
4,1189,2.0
258,1470,3.0
190,676,3.5
125,74,5.0
260,1131,4.0
41,222,4.0
208,100,4.5
98,1405,3.5
33,1147,3.5
263,985,3.0
141,62,2.5
282,620,3.5
270,1360,3.0
132,1166,4.5
168,896,4.5
74,1064,3.5
276,299,3.0
70,786,5.0
116,426,5.0
286,418,3.5
267,676,4.0
198,691,4.0
246,728,3.0
129,364,3.0
262,908,3.5
52,282,3.5
48,1347,5.0
175,1121,3.5
97,1004,4.5
25,1123,2.0
259,1006,5.0
187,833,3.5
68,880,3.0
58,92,4.5
246,877,2.5
79,1204,4.0
236,318,4.0
126,1249,2.5
92,360,4.5
206,696,4.5
233,680,4.5
216,1483,5.0
183,365,3.5
268,474,4.5
145,1504,2.5
91,1175,3.0
34,1455,3.5
259,648,4.0
201,1482,3.5
214,488,2.0
155,109,4.0
277,245,4.5
230,1275,4.5
115,964,2.5
192,1084,3.0
194,1153,3.5
30,1208,2.5
194,1123,3.5
109,58,4.0
132,615,4.0
152,685,5.0
189,803,4.0
165,1478,3.5
57,842,4.0
197,133,5.0
224,452,5.0
143,101,3.5
101,1366,4.5
269,174,4.5
238,206,2.5
206,889,5.0
252,1405,2.5
19,755,3.5
292,1358,4.0
90,92,3.5
183,1129,3.5
135,1244,4.5
171,1127,3.5
297,1253,3.0
195,1006,3.5
300,980,5.0
21,1314,5.0
245,279,5.0
142,1033,3.5
101,755,4.5
119,1169,3.0
29,1153,3.0
154,157,2.5
73,324,3.5
140,1253,4.5
275,665,3.0
294,218,3.0
75,1275,4.5
143,308,3.0
269,146,3.0
158,1299,5.0
20,811,4.5
48,334,4.5
119,1360,3.5
146,470,4.5
175,968,4.5
26,158,2.0
56,389,3.5
39,818,1.5
173,688,4.0
99,26,2.0
35,674,4.0
92,328,4.5
58,226,4.0
44,1189,3.5
79,1456,2.5
231,1114,2.5
64,1356,4.0
168,1422,5.0
161,195,4.0
32,446,3.0
88,594,4.5
129,809,3.0
125,642,5.0
130,61,5.0
102,1097,5.0
219,620,1.5
256,275,2.5
230,107,3.5
190,297,2.5
237,706,3.0
34,1214,4.5
92,1433,4.0
283,874,4.0
245,474,3.5
121,1333,3.5
128,1343,3.0
286,610,4.0
296,819,3.0
214,850,3.5
37,735,3.0
144,690,2.5
97,1255,4.5
107,1411,5.0
51,879,4.5
6,1504,3.5
34,292,3.0
250,230,3.5
42,472,4.5
164,246,3.5
83,867,4.0
112,180,3.5
106,1096,4.5
222,1091,5.0
10,1465,3.0
35,1447,3.5
279,917,1.5
33,870,2.5
160,1015,3.0
67,43,3.0
203,135,4.0
121,273,4.0
242,1346,3.5
268,1229,3.5
66,1243,3.5
234,86,4.0
244,458,3.5
16,83,4.0
55,1045,5.0
277,667,4.0
201,288,4.5
98,1196,2.5
42,467,5.0
5,1301,2.0
182,572,3.0
179,1473,2.5
276,1495,4.0
17,1517,3.0
188,573,4.5
160,168,3.0
132,1020,4.5
241,169,3.5
69,1392,4.5
134,1175,5.0
207,330,4.5
63,507,3.5
136,762,3.0
189,973,2.5
126,779,4.0
80,253,4.5
173,1002,4.0
105,264,3.0
159,1148,4.0
62,839,3.5
161,1273,4.0
73,1438,4.0
141,649,4.5
189,1094,4.5
298,1047,3.0
171,62,5.0
254,648,2.0
147,627,4.0
28,891,2.0
70,610,3.5
65,1376,5.0
255,1216,2.5
288,287,4.5
240,739,3.0
182,90,2.0
114,960,4.5
289,762,3.5
300,1088,4.5
137,733,4.0
256,1212,2.5
56,1084,5.0
144,49,2.0
200,166,3.0
63,718,3.5
70,1236,3.0
174,277,4.0
216,374,4.5
112,936,5.0
69,1185,3.5
22,339,2.5
100,1018,4.0
58,730,3.5
287,1146,3.5
291,106,4.0
108,467,3.5
99,1427,3.5
77,967,5.0
245,249,4.5
143,78,3.5
265,403,4.5
283,1103,4.5
145,1504,3.5
114,97,3.5
179,897,3.5
128,1413,3.5
116,1134,5.0
166,300,5.0
100,606,2.5
262,915,4.0
28,895,4.5
78,1033,4.5
276,969,4.0
82,1373,5.0
133,554,4.5
150,1208,4.5
113,1017,4.0
187,149,4.0
175,1203,4.0
120,780,2.0
1,1241,2.5
106,551,4.5
208,1205,4.0
223,90,4.5
194,204,3.0
287,782,4.5
96,1450,3.5
155,630,3.0
120,1286,3.5
296,327,4.0
237,252,3.5
71,1426,2.5
133,990,2.5
137,800,2.5
119,1182,3.5
198,808,4.0
176,637,4.0
165,128,3.5
271,1517,3.5
86,883,3.0
21,1244,3.5
275,981,1.5
104,180,4.0
29,1042,4.0
257,663,4.0
256,761,3.0
202,704,3.0
99,1119,2.5
46,495,4.5
204,1265,4.5
105,513,3.5
274,1419,2.5
57,886,2.5
218,582,3.0
60,1209,4.0
223,100,4.5
254,385,4.5
233,255,5.0
293,1299,2.5
181,1481,3.0
49,690,4.0
112,1389,3.5
68,567,3.0
28,1013,5.0
270,327,2.5
145,710,3.0
109,1056,4.0
300,954,3.5
104,357,4.0
169,909,4.5
159,1142,2.5
92,1450,4.0
31,1167,4.5
81,1033,3.0
97,1158,3.5
68,225,2.5
291,364,5.0
201,1478,5.0
142,515,3.0
4,116,5.0
227,654,5.0
261,218,3.0
191,81,4.5
23,701,4.5
244,678,4.0
190,847,3.5
237,1307,5.0
95,1373,4.5
34,1505,4.0
62,954,2.5
168,26,4.5
118,645,3.5
140,525,4.0
46,1155,5.0
48,1299,4.5
102,1314,2.5
140,880,4.5
30,1146,4.0
186,305,5.0
98,1242,2.5
102,1236,2.0
160,1298,3.5
183,875,3.0
245,300,5.0
230,554,4.5
99,1307,4.0
204,1120,3.5
194,1052,3.0
126,560,3.0
288,1116,4.0
98,5,3.0
81,57,3.0
188,64,3.5
79,1188,4.0
100,364,3.5
249,1238,4.5
234,1302,3.5
295,1412,4.0
298,986,2.5
38,237,3.5
283,23,3.0
73,522,3.0
267,414,3.5
291,234,4.5
7,1119,3.5
180,336,3.5
289,441,3.5
198,1392,4.0
229,227,2.5
222,1520,4.0
4,656,2.0
97,172,5.0
107,48,3.0
7,405,3.0
32,702,3.0
166,1028,4.0
251,128,4.0
255,1503,2.5
13,1045,3.0
168,16,4.5
233,282,4.5
290,268,3.5
33,524,3.5
101,1094,3.5
187,367,3.5
206,132,4.0
140,944,3.0
202,184,5.0
29,1068,2.5
32,824,4.0
174,1512,4.0
248,1164,4.0
170,83,4.5
79,516,4.0
232,1346,4.5
98,305,3.5
94,1485,3.5
242,1285,3.0
125,1031,3.5
217,1463,3.5
147,1388,4.0
300,477,4.0
178,1133,3.0
233,341,5.0
116,842,4.5
126,122,3.0
192,852,3.0
88,1140,4.5
236,581,3.0
187,1468,5.0
157,302,4.0
54,957,1.5
39,1279,3.0
209,1353,4.5
257,356,5.0
105,243,4.0
162,1334,2.5
271,1165,3.0
174,1143,3.5
167,188,3.0
123,632,4.5
25,1295,4.0
200,1486,3.5
212,1244,3.5
33,870,2.0
137,19,3.5
72,392,2.5
23,985,5.0
213,164,3.5
281,536,4.0
147,280,3.0
8,975,3.5
274,725,4.5
87,560,4.0
224,1004,5.0
258,890,2.5
21,1097,3.5
3,485,5.0
69,1296,3.0
197,1468,2.5
158,805,4.0
249,179,3.0
85,281,4.5
147,1079,3.0
177,601,2.0
179,689,3.0
233,458,4.5
130,1489,4.5
39,106,2.5
252,1273,4.0
220,292,2.0
115,1059,4.0
287,1464,4.0
66,294,4.0
164,684,3.5
146,1481,4.5
262,289,3.5
126,157,2.5
97,387,4.0
260,588,3.0
44,474,4.0
192,577,3.0
221,1362,3.0
9,179,4.0
82,137,3.5
124,678,5.0
259,1426,4.5
184,1479,3.0
105,646,4.0
121,278,3.5
43,144,5.0
267,59,4.5
222,866,3.5
226,1470,2.5
153,322,2.5
216,1354,2.5
297,511,2.0
299,110,4.0
87,1119,4.5
136,1087,3.0
202,1197,2.5
133,759,5.0
270,770,1.5
23,1032,5.0
40,1015,3.5
217,848,4.0
250,1266,3.0
45,1000,3.5
104,1393,2.0
201,1041,3.5
167,850,4.5
299,89,3.5
199,759,4.5
212,147,3.5
97,1047,4.0
203,828,4.5
220,1163,4.0
44,120,4.0
105,1499,3.5
129,482,3.5
208,1241,3.5
258,709,3.5
77,395,3.5
97,1246,4.0
153,1454,3.0
82,417,4.0
269,666,3.5
118,847,2.5
78,1107,2.5
220,1355,2.0
33,211,4.0
84,161,4.0
108,806,4.5
156,984,2.5
16,1412,3.5
169,850,3.0
146,1237,2.5
183,1035,3.0
3,152,4.0
142,183,4.0
181,793,2.5
291,1343,2.5
210,810,3.5
178,1056,5.0
187,386,4.0
8,179,4.0
55,840,3.0
272,1096,4.5
72,1125,3.0
35,908,4.0
115,769,4.0
248,943,4.0
178,651,3.5
231,1223,4.5
139,1126,4.0
254,725,4.0
30,194,3.0
91,860,3.0
261,1406,3.5
168,106,4.5
198,27,3.5
37,1376,3.5
108,1453,4.0
159,1017,4.0
119,215,2.5
295,775,4.0
103,718,4.0
278,1291,5.0
22,579,3.5
93,1157,4.0
19,1400,3.5
72,882,2.5
269,635,3.5
109,1337,3.5
209,1446,4.0
198,10,4.0
41,668,3.5
115,699,3.0
253,1215,3.5
287,1243,3.5
80,897,4.0
184,381,4.5
7,988,3.0
87,954,3.5
213,977,2.5
166,1067,5.0
58,1507,5.0
128,153,3.0
254,1090,3.5
279,458,3.0
249,656,3.0
185,926,5.0
173,1307,5.0
99,1114,2.0
138,774,2.0
269,1376,4.0
177,572,4.5
228,575,3.5
115,803,2.0
124,1188,4.0
185,700,3.0
33,1256,2.5
123,711,4.0
15,883,4.5
5,190,4.5
188,1075,4.5
275,1103,3.0
11,810,4.5
108,160,2.5
208,1247,4.5
256,1170,2.5
47,1393,3.0
51,627,3.0
2,875,2.0
213,90,4.0
55,569,3.5
252,882,4.5
91,561,3.5
100,768,3.5
125,1350,3.5
16,889,5.0
130,696,4.0
63,166,3.5
295,731,4.0
283,1339,4.0
261,881,4.5
30,1460,2.5
33,111,4.5
188,997,4.0
204,491,3.5
25,1213,3.5
288,1511,4.5
268,1312,5.0
50,1056,5.0
140,1354,3.0
300,646,5.0
250,215,3.5
27,1417,4.0
6,731,5.0
259,1086,4.0
107,1227,3.5
194,907,2.0
150,540,3.5
4,217,4.5
108,1310,5.0
68,1093,2.5
288,820,3.5
36,646,3.5
128,549,2.5
264,1256,3.5
184,1228,5.0
204,62,4.0
251,624,5.0
169,558,2.0
173,1178,3.5
27,1309,3.5
83,1403,5.0
260,793,4.0
127,144,3.0
136,1102,3.5
61,1193,2.5
208,754,4.0
143,417,2.5
165,1012,3.5
131,196,3.5
157,10,3.0
228,841,2.5
123,83,5.0
300,842,3.0
77,842,4.5
142,913,2.5
166,1463,5.0
254,460,3.5
132,324,4.5
151,1013,4.0
76,211,4.5
5,606,5.0
235,1289,3.5
204,898,4.0
179,989,2.0
197,1339,5.0
105,1271,3.0
180,1377,2.5
222,900,5.0
3,234,4.5
211,1364,2.5
266,682,4.0
96,458,5.0
287,608,3.0
191,838,4.5
179,765,3.5
205,1089,2.0
127,883,2.5
197,709,4.0
229,744,3.5
300,513,5.0
89,867,5.0
58,551,4.5
193,656,5.0
221,509,4.0
134,1045,4.0
2,559,3.5
129,1056,2.0
128,1491,3.0
278,1041,2.5
62,1518,3.0
193,454,4.5
266,1300,4.5
36,1304,4.5
149,529,5.0
178,1227,4.5
89,305,3.0
133,757,4.5
182,433,3.5
30,721,3.0
198,464,5.0
283,1165,4.5
186,813,3.0
259,1181,3.0
19,450,3.0
73,1087,3.0
280,1256,2.5
213,335,4.5
213,484,3.5
131,1091,4.0
177,37,2.5
14,37,3.0
198,1171,3.0
110,1316,4.5
127,150,3.5
64,870,5.0
250,1300,4.0
41,126,4.5
283,1044,4.5
89,1320,3.5
145,1212,3.0
66,1382,4.0
85,383,3.5
159,885,2.5
147,506,3.5
229,973,3.0
42,1322,4.5
228,1321,2.5
168,133,2.0
89,1291,2.5
144,1170,4.0
299,724,4.5
289,1168,2.0
79,42,3.0
64,62,4.0
209,176,5.0
166,697,3.5
22,17,2.0
136,1293,3.0
153,708,3.0
64,952,4.0
112,482,4.5
222,686,4.0
36,1209,4.0
48,3,3.5
94,846,3.0
296,73,4.0
212,349,4.5
118,799,4.0
26,447,2.5
243,1355,3.5
153,776,3.0
105,485,4.0
226,34,2.5
202,159,5.0
29,1027,3.0
105,1340,4.5
244,1238,3.5
82,1115,3.0
172,667,4.5
282,980,3.0
112,215,4.0
66,862,4.5
280,589,3.5
256,988,3.5
286,321,4.0
189,1369,3.5
3,213,4.0
100,845,3.0
78,503,3.0
6,1078,4.5
207,1388,4.0
57,22,2.5
216,1218,4.0
134,1205,3.0
281,772,4.0
197,469,3.0
76,1419,4.5
88,235,4.5
112,595,4.0
256,103,4.5
5,1298,3.5
243,854,3.0
289,1190,3.5
286,475,3.5
271,502,3.5
275,800,2.0
164,569,4.5
81,1272,2.5
266,681,4.0
276,1218,4.5
166,583,1.5
291,962,3.5
127,415,4.5
100,1462,2.0
167,1131,3.0
244,934,3.5
127,896,2.5
228,1517,5.0
119,1374,3.5
180,1024,2.5
300,906,4.0
162,1134,3.0
201,445,5.0
190,919,3.5
163,1122,2.5
231,1485,4.5
53,495,5.0
219,442,2.5
257,868,4.0
102,809,5.0
205,985,4.5
180,906,4.0
7,81,3.0
273,1123,2.5
167,917,2.5
176,1289,4.0
59,587,3.0
31,957,3.0
146,93,3.0
160,283,2.5
293,1397,3.0
197,896,4.5
260,338,3.5
167,200,3.5
179,1368,4.0
140,1255,4.5
127,1245,3.5
21,1455,4.0
282,648,4.5
6,1513,4.0
230,432,2.5
195,1126,5.0
167,475,4.5
179,864,2.0
232,746,3.5
31,1016,3.0
89,215,5.0
221,1398,5.0
213,1143,2.5
260,878,3.5
99,1385,2.0
224,554,5.0
98,667,5.0
198,1141,4.5
79,738,4.0
5,1288,4.5
4,899,4.5
37,629,2.5
109,325,3.5
125,839,3.0
225,1190,5.0
150,150,2.5
254,534,4.5
3,900,4.5
98,813,3.5
106,991,5.0
22,454,3.5
53,1492,5.0
144,868,3.0
30,398,2.5
124,992,5.0
49,993,3.5
297,874,2.0
216,724,2.0
211,1240,5.0
173,852,5.0
40,1335,3.5
70,132,5.0
182,377,3.0
227,929,3.0
10,1268,3.5
80,107,4.5
91,1009,2.5
168,920,4.5
88,474,3.0
117,425,3.5
90,525,3.0
152,606,4.5
44,107,2.5
294,878,3.5
268,80,3.5
256,297,4.0
186,485,2.5
192,542,4.5
16,428,4.5
4,785,4.0
199,566,3.0
198,465,3.0
282,390,3.0
33,513,3.5
294,24,2.0
171,463,3.5
222,741,4.5
57,201,2.5
12,589,4.0
155,393,3.0
253,335,3.5
63,1463,3.5
128,233,2.0
133,1482,4.0
257,853,5.0
39,1463,2.0
210,824,2.5
46,76,2.5
273,1332,2.5
84,865,4.0
163,1481,3.5
225,154,3.0
89,969,4.0
150,296,3.5
118,602,4.0
38,163,3.0
254,479,3.0
222,590,2.5
54,1401,2.5
255,1097,4.5
232,110,2.5
270,1021,3.5
241,979,3.5
219,738,4.5
40,655,2.5
3,237,4.0
230,1320,4.0
184,1157,3.0
182,67,2.0
89,1302,2.0
19,781,3.5
250,1253,5.0
28,242,4.0
299,1235,3.5
83,380,4.0
249,879,3.5
60,189,4.0
90,387,3.0
251,380,4.5
123,535,3.0
148,702,4.0
169,1161,3.5
203,147,4.0
77,1304,3.0
16,673,3.0
23,1182,3.5
148,1494,2.5
117,69,4.5
165,972,3.5
295,215,4.0
181,348,3.0
58,288,4.0
108,139,4.5
119,153,4.0
229,32,3.5
120,1367,2.5
92,1096,4.0
247,952,2.0
52,69,5.0
9,1011,4.0
110,186,2.5
36,1209,4.0
126,956,3.0
111,433,4.5
71,105,3.5
125,658,2.5
69,246,4.5
231,1492,3.0
12,1101,4.0
213,916,3.5
162,575,3.0
90,50,4.0
41,69,3.5
276,528,4.0
151,845,4.5
184,1277,3.5
275,833,3.0
283,1240,3.0
162,865,4.0
99,163,3.5
55,1348,4.5
286,241,4.0
124,526,4.0
222,208,4.0
81,507,2.0
235,967,3.0
52,1045,4.5
150,632,2.5
261,1296,2.5
143,1177,3.5
154,830,2.5
297,978,4.0
106,1088,5.0
128,1153,3.0
65,938,4.5
205,1205,3.0
195,1348,5.0
108,919,3.5
8,728,4.0
230,1178,3.5
224,852,3.5
156,114,3.0
10,578,4.0
276,1126,3.0
243,1379,4.5
124,377,3.5
290,963,3.0
74,826,2.5
277,1303,4.5
238,585,4.0
247,525,3.5
252,1201,3.0
298,152,5.0
244,1044,5.0
11,1187,5.0
107,614,5.0
90,1131,2.5
195,242,5.0
216,81,4.5
55,1339,5.0
289,753,4.0
198,1393,4.0
294,789,3.0
246,919,5.0
233,822,5.0
24,676,3.0
124,1079,3.5
138,171,4.0
85,577,4.5
163,452,2.5
147,541,4.0
5,210,5.0
144,733,5.0
41,430,5.0
16,1474,3.5
155,978,5.0
34,478,3.0
54,12,3.5
88,321,2.5
283,852,4.0
219,109,4.0
161,171,3.5
17,695,3.5
162,497,2.5
168,681,3.5
163,717,3.0
206,117,5.0
135,1513,3.5
60,1151,4.0
50,1140,3.5
170,1004,3.5
88,594,3.0
71,1289,4.5
276,90,3.0
263,910,2.5
74,161,4.5
40,1510,3.0
25,516,3.0
20,970,4.0
92,743,5.0
248,94,5.0
250,1410,2.5
91,1134,2.0
217,950,2.0
274,60,3.5
85,850,3.5
20,1348,3.5
36,1330,5.0
124,1276,5.0
64,158,2.5
208,395,5.0
28,737,5.0
97,365,4.0
142,550,2.0
238,419,3.5
148,1155,4.5
221,1464,4.0
274,1248,3.5
162,497,3.0
241,872,3.5
25,657,3.0
249,911,3.0
190,739,3.5
190,166,2.5
177,1301,4.5
263,593,4.0
2,1009,3.0
196,1196,3.5
104,1382,4.5
105,100,4.5
211,899,3.0
155,1261,2.5
36,389,3.5
107,400,4.0
162,1420,4.0
56,1186,3.5
24,407,3.0
80,1417,4.0
292,665,4.0
79,797,3.0
260,415,4.5
15,302,4.5
236,812,3.0
2,1154,4.0
205,335,4.5
279,546,4.0
280,585,4.0
234,907,3.5
272,542,4.5
